{
  "mode": "reactive",
  "elapsed_s": 1.292188477003947,
  "average_speed_mps": 1.2784890213891769,
  "max_speed_mps": 1.447643810139877,
  "collisions": 0,
  "success": false,
  "completion_status": "stopped"
}