{
  "mode": "rrt",
  "elapsed_s": 246.947300505999,
  "average_speed_mps": 0.12276268868452797,
  "max_speed_mps": 1.9999988079071045,
  "collisions": 8,
  "success": false,
  "completion_status": "stopped"
}