{
  "mode": "rrt",
  "elapsed_s": 31.57103668799391,
  "average_speed_mps": 0.5953806574031391,
  "max_speed_mps": 1.9999988079071045,
  "collisions": 0,
  "success": false,
  "completion_status": "stopped"
}